;cnae;ano;qtde
0;0111;2016;418
1;0111;2017;411
2;0111;2018;433
3;0112;2016;105
4;0112;2017;161
5;0112;2018;140
6;0113;2016;1905
7;0113;2017;1634
8;0113;2018;1722
9;0114;2016;19
10;0114;2017;13
11;0114;2018;25
12;0115;2016;1261
13;0115;2017;1273
14;0115;2018;1373
15;0116;2016;15
16;0116;2017;31
17;0116;2018;43
18;0119;2016;340
19;0119;2017;354
20;0119;2018;380
21;0121;2016;184
22;0121;2017;194
23;0121;2018;171
24;0122;2016;76
25;0122;2017;89
26;0122;2018;84
27;0131;2016;791
28;0131;2017;809
29;0131;2018;744
30;0132;2016;570
31;0132;2017;546
32;0132;2018;625
33;0133;2016;720
34;0133;2017;786
35;0133;2018;824
36;0134;2016;481
37;0134;2017;519
38;0134;2018;478
39;0135;2016;35
40;0135;2017;36
41;0135;2018;30
42;0139;2016;565
43;0139;2017;695
44;0139;2018;455
45;0141;2016;1684
46;0141;2017;1858
47;0141;2018;2016
48;0142;2016;61
49;0142;2017;51
50;0142;2018;53
51;0151;2016;1660
52;0151;2017;1570
53;0151;2018;1613
54;0152;2016;38
55;0152;2017;49
56;0152;2018;46
57;0153;2016;11
58;0153;2017;8
59;0153;2018;8
60;0154;2016;247
61;0154;2017;221
62;0154;2018;263
63;0155;2016;1017
64;0155;2017;1005
65;0155;2018;1036
66;0159;2016;21
67;0159;2017;19
68;0159;2018;17
69;0161;2016;1213
70;0161;2017;1116
71;0161;2018;1036
72;0162;2016;261
73;0162;2017;263
74;0162;2018;248
75;0163;2016;96
76;0163;2017;77
77;0163;2018;89
78;0210;2016;852
79;0210;2017;859
80;0210;2018;921
81;0220;2016;78
82;0220;2017;83
83;0220;2018;48
84;0230;2016;586
85;0230;2017;538
86;0230;2018;553
87;0311;2016;41
88;0311;2017;30
89;0311;2018;23
90;0312;2016;2
91;0312;2017;2
92;0312;2018;1
93;0321;2016;62
94;0321;2017;74
95;0321;2018;69
96;0322;2016;69
97;0322;2017;78
98;0322;2018;97
99;0500;2016;167
100;0500;2017;142
101;0500;2018;148
102;0600;2016;556
103;0600;2017;442
104;0600;2018;436
105;0710;2016;586
106;0710;2017;528
107;0710;2018;551
108;0721;2016;17
109;0721;2017;30
110;0721;2018;40
111;0722;2016;29
112;0722;2017;16
113;0722;2018;28
114;0723;2016;2
115;0723;2017;6
116;0723;2018;12
117;0724;2016;251
118;0724;2017;340
119;0724;2018;298
120;0725;2016;29
121;0725;2017;13
122;0725;2018;9
123;0729;2016;211
124;0729;2017;190
125;0729;2018;182
126;0810;2016;1093
127;0810;2017;982
128;0810;2018;1022
129;0891;2016;89
130;0891;2017;84
131;0891;2018;82
132;0892;2016;86
133;0892;2017;74
134;0892;2018;79
135;0893;2016;24
136;0893;2017;35
137;0893;2018;30
138;0899;2016;167
139;0899;2017;127
140;0899;2018;118
141;0910;2016;528
142;0910;2017;369
143;0910;2018;479
144;0990;2016;25
145;0990;2017;37
146;0990;2018;22
147;1011;2016;5534
148;1011;2017;6803
149;1011;2018;7633
150;1012;2016;8399
151;1012;2017;9226
152;1012;2018;10611
153;1013;2016;1707
154;1013;2017;1594
155;1013;2018;2080
156;1020;2016;381
157;1020;2017;343
158;1020;2018;402
159;1031;2016;339
160;1031;2017;391
161;1031;2018;263
162;1032;2016;160
163;1032;2017;154
164;1032;2018;169
165;1033;2016;363
166;1033;2017;357
167;1033;2018;355
168;1041;2016;638
169;1041;2017;572
170;1041;2018;636
171;1042;2016;200
172;1042;2017;191
173;1042;2018;153
174;1043;2016;69
175;1043;2017;77
176;1043;2018;93
177;1051;2016;272
178;1051;2017;244
179;1051;2018;250
180;1052;2016;1710
181;1052;2017;1574
182;1052;2018;1621
183;1053;2016;280
184;1053;2017;202
185;1053;2018;222
186;1061;2016;342
187;1061;2017;339
188;1061;2018;356
189;1062;2016;596
190;1062;2017;574
191;1062;2018;598
192;1063;2016;66
193;1063;2017;81
194;1063;2018;89
195;1064;2016;92
196;1064;2017;64
197;1064;2018;81
198;1065;2016;189
199;1065;2017;192
200;1065;2018;188
201;1066;2016;1202
202;1066;2017;1133
203;1066;2018;1298
204;1069;2016;403
205;1069;2017;356
206;1069;2018;516
207;1071;2016;6599
208;1071;2017;5826
209;1071;2018;5384
210;1072;2016;148
211;1072;2017;130
212;1072;2018;137
213;1081;2016;263
214;1081;2017;166
215;1081;2018;183
216;1082;2016;105
217;1082;2017;95
218;1082;2018;108
219;1091;2016;1936
220;1091;2017;1865
221;1091;2018;1992
222;1092;2016;697
223;1092;2017;587
224;1092;2018;598
225;1093;2016;736
226;1093;2017;630
227;1093;2018;685
228;1094;2016;700
229;1094;2017;596
230;1094;2018;678
231;1095;2016;167
232;1095;2017;154
233;1095;2018;163
234;1096;2016;146
235;1096;2017;137
236;1096;2018;147
237;1099;2016;1471
238;1099;2017;1460
239;1099;2018;1620
240;1111;2016;144
241;1111;2017;153
242;1111;2018;131
243;1112;2016;89
244;1112;2017;82
245;1112;2018;91
246;1113;2016;659
247;1113;2017;515
248;1113;2018;628
249;1121;2016;247
250;1121;2017;209
251;1121;2018;246
252;1122;2016;1398
253;1122;2017;1099
254;1122;2018;1050
255;1210;2016;134
256;1210;2017;151
257;1210;2018;181
258;1220;2016;61
259;1220;2017;54
260;1220;2018;52
261;1311;2016;365
262;1311;2017;355
263;1311;2018;349
264;1312;2016;121
265;1312;2017;91
266;1312;2018;111
267;1313;2016;172
268;1313;2017;169
269;1313;2018;167
270;1314;2016;43
271;1314;2017;62
272;1314;2018;56
273;1321;2016;485
274;1321;2017;490
275;1321;2018;503
276;1322;2016;31
277;1322;2017;50
278;1322;2018;72
279;1323;2016;339
280;1323;2017;384
281;1323;2018;370
282;1330;2016;282
283;1330;2017;264
284;1330;2018;282
285;1340;2016;575
286;1340;2017;665
287;1340;2018;625
288;1351;2016;517
289;1351;2017;483
290;1351;2018;573
291;1352;2016;78
292;1352;2017;69
293;1352;2018;89
294;1353;2016;97
295;1353;2017;45
296;1353;2018;72
297;1354;2016;322
298;1354;2017;263
299;1354;2018;296
300;1359;2016;614
301;1359;2017;623
302;1359;2018;724
303;1411;2016;483
304;1411;2017;446
305;1411;2018;351
306;1412;2016;2484
307;1412;2017;2278
308;1412;2018;2370
309;1413;2016;107
310;1413;2017;128
311;1413;2018;131
312;1414;2016;96
313;1414;2017;89
314;1414;2018;79
315;1421;2016;121
316;1421;2017;125
317;1421;2018;135
318;1422;2016;127
319;1422;2017;104
320;1422;2018;85
321;1510;2016;754
322;1510;2017;648
323;1510;2018;674
324;1521;2016;82
325;1521;2017;70
326;1521;2018;75
327;1529;2016;133
328;1529;2017;57
329;1529;2018;59
330;1531;2016;1226
331;1531;2017;988
332;1531;2018;934
333;1532;2016;113
334;1532;2017;90
335;1532;2018;95
336;1533;2016;592
337;1533;2017;690
338;1533;2018;711
339;1539;2016;328
340;1539;2017;430
341;1539;2018;547
342;1540;2016;209
343;1540;2017;221
344;1540;2018;240
345;1610;2016;1780
346;1610;2017;1558
347;1610;2018;1695
348;1621;2016;634
349;1621;2017;597
350;1621;2018;702
351;1622;2016;489
352;1622;2017;463
353;1622;2018;512
354;1623;2016;435
355;1623;2017;505
356;1623;2018;553
357;1629;2016;510
358;1629;2017;519
359;1629;2018;547
360;1710;2016;595
361;1710;2017;552
362;1710;2018;526
363;1721;2016;1056
364;1721;2017;964
365;1721;2018;1004
366;1722;2016;64
367;1722;2017;44
368;1722;2018;73
369;1731;2016;409
370;1731;2017;360
371;1731;2018;378
372;1732;2016;119
373;1732;2017;85
374;1732;2018;116
375;1733;2016;728
376;1733;2017;752
377;1733;2018;750
378;1741;2016;279
379;1741;2017;255
380;1741;2018;267
381;1742;2016;470
382;1742;2017;371
383;1742;2018;381
384;1749;2016;294
385;1749;2017;245
386;1749;2018;275
387;1811;2016;293
388;1811;2017;254
389;1811;2018;247
390;1812;2016;275
391;1812;2017;230
392;1812;2018;175
393;1813;2016;467
394;1813;2017;437
395;1813;2018;515
396;1821;2016;123
397;1821;2017;117
398;1821;2018;110
399;1822;2016;81
400;1822;2017;79
401;1822;2018;64
402;1830;2016;18
403;1830;2017;13
404;1830;2018;11
405;1910;2016;24
406;1910;2017;16
407;1910;2018;26
408;1921;2016;788
409;1921;2017;515
410;1921;2018;467
411;1922;2016;111
412;1922;2017;104
413;1922;2018;95
414;1931;2016;3417
415;1931;2017;2942
416;1931;2018;2689
417;1932;2016;57
418;1932;2017;75
419;1932;2018;90
420;2011;2016;26
421;2011;2017;26
422;2011;2018;29
423;2012;2016;48
424;2012;2017;53
425;2012;2018;60
426;2013;2016;793
427;2013;2017;755
428;2013;2018;855
429;2014;2016;59
430;2014;2017;24
431;2014;2018;42
432;2019;2016;177
433;2019;2017;203
434;2019;2018;181
435;2021;2016;57
436;2021;2017;79
437;2021;2018;67
438;2022;2016;54
439;2022;2017;47
440;2022;2018;44
441;2029;2016;318
442;2029;2017;328
443;2029;2018;267
444;2031;2016;107
445;2031;2017;121
446;2031;2018;166
447;2032;2016;56
448;2032;2017;61
449;2032;2018;42
450;2033;2016;35
451;2033;2017;34
452;2033;2018;35
453;2040;2016;135
454;2040;2017;137
455;2040;2018;129
456;2051;2016;88
457;2051;2017;86
458;2051;2018;84
459;2052;2016;45
460;2052;2017;34
461;2052;2018;31
462;2061;2016;301
463;2061;2017;255
464;2061;2018;285
465;2062;2016;427
466;2062;2017;374
467;2062;2018;375
468;2063;2016;750
469;2063;2017;755
470;2063;2018;708
471;2071;2016;397
472;2071;2017;378
473;2071;2018;409
474;2072;2016;24
475;2072;2017;33
476;2072;2018;22
477;2073;2016;56
478;2073;2017;52
479;2073;2018;57
480;2091;2016;105
481;2091;2017;113
482;2091;2018;115
483;2092;2016;150
484;2092;2017;108
485;2092;2018;95
486;2093;2016;163
487;2093;2017;183
488;2093;2018;170
489;2094;2016;10
490;2094;2017;8
491;2094;2018;12
492;2099;2016;703
493;2099;2017;591
494;2099;2018;592
495;2110;2016;110
496;2110;2017;90
497;2110;2018;85
498;2121;2016;1287
499;2121;2017;1114
500;2121;2018;1121
501;2122;2016;142
502;2122;2017;121
503;2122;2018;150
504;2123;2016;11
505;2123;2017;22
506;2123;2018;23
507;2211;2016;648
508;2211;2017;662
509;2211;2018;598
510;2212;2016;287
511;2212;2017;278
512;2212;2018;311
513;2219;2016;823
514;2219;2017;769
515;2219;2018;836
516;2221;2016;439
517;2221;2017;426
518;2221;2018;381
519;2222;2016;2747
520;2222;2017;2660
521;2222;2018;2891
522;2223;2016;397
523;2223;2017;346
524;2223;2018;334
525;2229;2016;3267
526;2229;2017;3229
527;2229;2018;3376
528;2311;2016;697
529;2311;2017;581
530;2311;2018;684
531;2312;2016;187
532;2312;2017;109
533;2312;2018;91
534;2319;2016;353
535;2319;2017;353
536;2319;2018;371
537;2320;2016;558
538;2320;2017;358
539;2320;2018;309
540;2330;2016;1903
541;2330;2017;1660
542;2330;2018;1782
543;2341;2016;84
544;2341;2017;86
545;2341;2018;114
546;2342;2016;1908
547;2342;2017;1660
548;2342;2018;1652
549;2349;2016;273
550;2349;2017;266
551;2349;2018;278
552;2391;2016;852
553;2391;2017;763
554;2391;2018;755
555;2392;2016;150
556;2392;2017;165
557;2392;2018;174
558;2399;2016;425
559;2399;2017;413
560;2399;2018;482
561;2411;2016;309
562;2411;2017;290
563;2411;2018;301
564;2412;2016;195
565;2412;2017;191
566;2412;2018;235
567;2421;2016;75
568;2421;2017;77
569;2421;2018;76
570;2422;2016;439
571;2422;2017;359
572;2422;2018;359
573;2423;2016;577
574;2423;2017;517
575;2423;2018;627
576;2424;2016;354
577;2424;2017;319
578;2424;2018;342
579;2431;2016;229
580;2431;2017;239
581;2431;2018;247
582;2439;2016;46
583;2439;2017;47
584;2439;2018;49
585;2441;2016;431
586;2441;2017;399
587;2441;2018;394
588;2442;2016;14
589;2442;2017;13
590;2442;2018;6
591;2443;2016;174
592;2443;2017;147
593;2443;2018;153
594;2449;2016;190
595;2449;2017;176
596;2449;2018;138
597;2451;2016;2330
598;2451;2017;2587
599;2451;2018;2637
600;2452;2016;325
601;2452;2017;333
602;2452;2018;348
603;2511;2016;1337
604;2511;2017;1157
605;2511;2018;1196
606;2512;2016;987
607;2512;2017;826
608;2512;2018;864
609;2513;2016;263
610;2513;2017;247
611;2513;2018;283
612;2521;2016;211
613;2521;2017;172
614;2521;2018;161
615;2522;2016;84
616;2522;2017;72
617;2522;2018;68
618;2531;2016;198
619;2531;2017;157
620;2531;2018;206
621;2532;2016;653
622;2532;2017;613
623;2532;2018;584
624;2539;2016;974
625;2539;2017;936
626;2539;2018;1008
627;2541;2016;154
628;2541;2017;172
629;2541;2018;166
630;2542;2016;552
631;2542;2017;571
632;2542;2018;531
633;2543;2016;404
634;2543;2017;391
635;2543;2018;458
636;2550;2016;212
637;2550;2017;172
638;2550;2018;179
639;2591;2016;484
640;2591;2017;457
641;2591;2018;444
642;2592;2016;547
643;2592;2017;520
644;2592;2018;501
645;2593;2016;411
646;2593;2017;352
647;2593;2018;343
648;2599;2016;2081
649;2599;2017;1864
650;2599;2018;2061
651;2610;2016;282
652;2610;2017;259
653;2610;2018;334
654;2621;2016;147
655;2621;2017;114
656;2621;2018;114
657;2622;2016;334
658;2622;2017;342
659;2622;2018;322
660;2631;2016;63
661;2631;2017;64
662;2631;2018;75
663;2632;2016;143
664;2632;2017;110
665;2632;2018;116
666;2640;2016;377
667;2640;2017;333
668;2640;2018;324
669;2651;2016;205
670;2651;2017;186
671;2651;2018;218
672;2652;2016;6
673;2652;2017;11
674;2652;2018;14
675;2660;2016;66
676;2660;2017;72
677;2660;2018;81
678;2670;2016;16
679;2670;2017;20
680;2670;2018;6
681;2680;2016;1
682;2710;2016;638
683;2710;2017;535
684;2710;2018;525
685;2721;2016;46
686;2721;2017;38
687;2721;2018;38
688;2722;2016;154
689;2722;2017;134
690;2722;2018;152
691;2731;2016;282
692;2731;2017;283
693;2731;2018;293
694;2732;2016;171
695;2732;2017;151
696;2732;2018;150
697;2733;2016;493
698;2733;2017;531
699;2733;2018;486
700;2740;2016;135
701;2740;2017;136
702;2740;2018;153
703;2751;2016;559
704;2751;2017;442
705;2751;2018;625
706;2759;2016;207
707;2759;2017;167
708;2759;2018;200
709;2790;2016;345
710;2790;2017;273
711;2790;2018;306
712;2811;2016;194
713;2811;2017;140
714;2811;2018;107
715;2812;2016;256
716;2812;2017;250
717;2812;2018;296
718;2813;2016;237
719;2813;2017;203
720;2813;2018;229
721;2814;2016;186
722;2814;2017;197
723;2814;2018;390
724;2815;2016;241
725;2815;2017;243
726;2815;2018;282
727;2821;2016;112
728;2821;2017;112
729;2821;2018;103
730;2822;2016;434
731;2822;2017;359
732;2822;2018;409
733;2823;2016;442
734;2823;2017;416
735;2823;2018;425
736;2824;2016;95
737;2824;2017;68
738;2824;2018;78
739;2825;2016;58
740;2825;2017;61
741;2825;2018;44
742;2829;2016;901
743;2829;2017;870
744;2829;2018;895
745;2831;2016;139
746;2831;2017;162
747;2831;2018;169
748;2832;2016;35
749;2832;2017;39
750;2832;2018;39
751;2833;2016;2034
752;2833;2017;2003
753;2833;2018;2140
754;2840;2016;349
755;2840;2017;327
756;2840;2018;325
757;2851;2016;171
758;2851;2017;138
759;2851;2018;123
760;2852;2016;105
761;2852;2017;119
762;2852;2018;121
763;2853;2016;45
764;2853;2017;69
765;2853;2018;108
766;2854;2016;149
767;2854;2017;146
768;2854;2018;165
769;2861;2016;129
770;2861;2017;134
771;2861;2018;169
772;2862;2016;400
773;2862;2017;340
774;2862;2018;400
775;2863;2016;29
776;2863;2017;27
777;2863;2018;19
778;2864;2016;32
779;2864;2017;39
780;2864;2018;45
781;2865;2016;49
782;2865;2017;52
783;2865;2018;65
784;2866;2016;28
785;2866;2017;33
786;2866;2018;46
787;2869;2016;792
788;2869;2017;690
789;2869;2018;765
790;2910;2016;1832
791;2910;2017;1661
792;2910;2018;1469
793;2920;2016;471
794;2920;2017;338
795;2920;2018;431
796;2930;2016;1767
797;2930;2017;1364
798;2930;2018;1985
799;2941;2016;806
800;2941;2017;836
801;2941;2018;869
802;2942;2016;435
803;2942;2017;386
804;2942;2018;417
805;2943;2016;316
806;2943;2017;353
807;2943;2018;426
808;2944;2016;281
809;2944;2017;284
810;2944;2018;320
811;2945;2016;257
812;2945;2017;254
813;2945;2018;289
814;2949;2016;3409
815;2949;2017;3280
816;2949;2018;3838
817;2950;2016;107
818;2950;2017;88
819;2950;2018;94
820;3011;2016;1077
821;3011;2017;593
822;3011;2018;422
823;3012;2016;63
824;3012;2017;40
825;3012;2018;39
826;3031;2016;146
827;3031;2017;102
828;3031;2018;71
829;3032;2016;37
830;3032;2017;25
831;3032;2018;35
832;3041;2016;258
833;3041;2017;154
834;3041;2018;148
835;3042;2016;65
836;3042;2017;65
837;3042;2018;56
838;3091;2016;282
839;3091;2017;254
840;3091;2018;175
841;3092;2016;103
842;3092;2017;114
843;3092;2018;154
844;3099;2016;75
845;3099;2017;62
846;3099;2018;68
847;3101;2016;2850
848;3101;2017;2854
849;3101;2018;3065
850;3102;2016;515
851;3102;2017;507
852;3102;2018;600
853;3103;2016;95
854;3103;2017;80
855;3103;2018;96
856;3104;2016;416
857;3104;2017;390
858;3104;2018;390
859;3211;2016;57
860;3211;2017;50
861;3211;2018;62
862;3212;2016;63
863;3212;2017;42
864;3212;2018;51
865;3220;2016;30
866;3220;2017;23
867;3220;2018;19
868;3230;2016;52
869;3230;2017;45
870;3230;2018;45
871;3240;2016;188
872;3240;2017;201
873;3240;2018;245
874;3250;2016;678
875;3250;2017;691
876;3250;2018;817
877;3291;2016;114
878;3291;2017;104
879;3291;2018;120
880;3292;2016;124
881;3292;2017;159
882;3292;2018;108
883;3299;2016;497
884;3299;2017;500
885;3299;2018;481
886;3311;2016;85
887;3311;2017;80
888;3311;2018;74
889;3312;2016;79
890;3312;2017;87
891;3312;2018;76
892;3313;2016;191
893;3313;2017;207
894;3313;2018;173
895;3314;2016;979
896;3314;2017;838
897;3314;2018;930
898;3315;2016;44
899;3315;2017;62
900;3315;2018;53
901;3316;2016;306
902;3316;2017;210
903;3316;2018;165
904;3317;2016;86
905;3317;2017;74
906;3317;2018;89
907;3319;2016;114
908;3319;2017;108
909;3319;2018;86
910;3321;2016;215
911;3321;2017;198
912;3321;2018;249
913;3329;2016;145
914;3329;2017;136
915;3329;2018;170
916;3511;2016;751
917;3511;2017;681
918;3511;2018;624
919;3512;2016;239
920;3512;2017;244
921;3512;2018;207
922;3513;2016;33
923;3513;2017;25
924;3513;2018;5
925;3514;2016;1475
926;3514;2017;1381
927;3514;2018;1313
928;3520;2016;40
929;3520;2017;47
930;3520;2018;56
931;3530;2016;7
932;3530;2017;8
933;3530;2018;10
934;3600;2016;2832
935;3600;2017;2785
936;3600;2018;2723
937;3701;2016;110
938;3701;2017;122
939;3701;2018;159
940;3702;2016;190
941;3702;2017;181
942;3702;2018;198
943;3811;2016;5921
944;3811;2017;6067
945;3811;2018;7088
946;3812;2016;116
947;3812;2017;166
948;3812;2018;173
949;3821;2016;553
950;3821;2017;722
951;3821;2018;917
952;3822;2016;307
953;3822;2017;252
954;3822;2018;215
955;3831;2016;153
956;3831;2017;188
957;3831;2018;207
958;3832;2016;258
959;3832;2017;254
960;3832;2018;252
961;3839;2016;279
962;3839;2017;203
963;3839;2018;307
964;3900;2016;31
965;3900;2017;30
966;3900;2018;39
967;4110;2016;3758
968;4110;2017;2788
969;4110;2018;2740
970;4120;2016;9607
971;4120;2017;7469
972;4120;2018;7794
973;4211;2016;2832
974;4211;2017;2598
975;4211;2018;2408
976;4212;2016;830
977;4212;2017;506
978;4212;2018;381
979;4213;2016;658
980;4213;2017;536
981;4213;2018;587
982;4221;2016;3570
983;4221;2017;3360
984;4221;2018;3363
985;4222;2016;682
986;4222;2017;577
987;4222;2018;602
988;4223;2016;43
989;4223;2017;60
990;4223;2018;34
991;4291;2016;39
992;4291;2017;52
993;4291;2018;71
994;4292;2016;1005
995;4292;2017;783
996;4292;2018;804
997;4299;2016;1279
998;4299;2017;951
999;4299;2018;990
1000;4311;2016;44
1001;4311;2017;34
1002;4311;2018;30
1003;4312;2016;87
1004;4312;2017;70
1005;4312;2018;66
1006;4313;2016;857
1007;4313;2017;558
1008;4313;2018;574
1009;4319;2016;36
1010;4319;2017;47
1011;4319;2018;48
1012;4321;2016;1759
1013;4321;2017;1666
1014;4321;2018;1608
1015;4322;2016;683
1016;4322;2017;574
1017;4322;2018;581
1018;4329;2016;701
1019;4329;2017;566
1020;4329;2018;617
1021;4330;2016;1020
1022;4330;2017;805
1023;4330;2018;768
1024;4391;2016;344
1025;4391;2017;284
1026;4391;2018;276
1027;4399;2016;1565
1028;4399;2017;1356
1029;4399;2018;1408
1030;4511;2016;1826
1031;4511;2017;1719
1032;4511;2018;1640
1033;4512;2016;33
1034;4512;2017;14
1035;4512;2018;22
1036;4520;2016;1592
1037;4520;2017;1520
1038;4520;2018;1738
1039;4530;2016;3653
1040;4530;2017;3364
1041;4530;2018;3692
1042;4541;2016;503
1043;4541;2017;505
1044;4541;2018;567
1045;4542;2016;5
1046;4542;2017;3
1047;4542;2018;2
1048;4543;2016;36
1049;4543;2017;40
1050;4543;2018;28
1051;4611;2016;44
1052;4611;2017;32
1053;4611;2018;24
1054;4612;2016;15
1055;4612;2017;4
1056;4612;2018;16
1057;4613;2016;7
1058;4613;2017;3
1059;4613;2018;5
1060;4614;2016;14
1061;4614;2017;20
1062;4614;2018;17
1063;4615;2016;5
1064;4615;2017;12
1065;4615;2018;10
1066;4616;2016;6
1067;4616;2017;4
1068;4616;2018;9
1069;4617;2016;66
1070;4617;2017;83
1071;4617;2018;100
1072;4618;2016;19
1073;4618;2017;23
1074;4618;2018;19
1075;4619;2016;57
1076;4619;2017;42
1077;4619;2018;58
1078;4621;2016;180
1079;4621;2017;160
1080;4621;2018;163
1081;4622;2016;212
1082;4622;2017;205
1083;4622;2018;237
1084;4623;2016;629
1085;4623;2017;612
1086;4623;2018;685
1087;4631;2016;181
1088;4631;2017;228
1089;4631;2018;248
1090;4632;2016;402
1091;4632;2017;378
1092;4632;2018;356
1093;4633;2016;537
1094;4633;2017;527
1095;4633;2018;639
1096;4634;2016;474
1097;4634;2017;487
1098;4634;2018;606
1099;4635;2016;2637
1100;4635;2017;2307
1101;4635;2018;2374
1102;4636;2016;68
1103;4636;2017;231
1104;4636;2018;347
1105;4637;2016;539
1106;4637;2017;490
1107;4637;2018;530
1108;4639;2016;1514
1109;4639;2017;1446
1110;4639;2018;1623
1111;4641;2016;105
1112;4641;2017;95
1113;4641;2018;141
1114;4642;2016;128
1115;4642;2017;141
1116;4642;2018;152
1117;4643;2016;42
1118;4643;2017;37
1119;4643;2018;26
1120;4644;2016;520
1121;4644;2017;494
1122;4644;2018;522
1123;4645;2016;218
1124;4645;2017;196
1125;4645;2018;286
1126;4646;2016;406
1127;4646;2017;412
1128;4646;2018;454
1129;4647;2016;175
1130;4647;2017;173
1131;4647;2018;195
1132;4649;2016;548
1133;4649;2017;472
1134;4649;2018;542
1135;4651;2016;131
1136;4651;2017;107
1137;4651;2018;102
1138;4652;2016;63
1139;4652;2017;57
1140;4652;2018;60
1141;4661;2016;445
1142;4661;2017;475
1143;4661;2018;532
1144;4662;2016;121
1145;4662;2017;109
1146;4662;2018;119
1147;4663;2016;253
1148;4663;2017;242
1149;4663;2018;307
1150;4664;2016;52
1151;4664;2017;49
1152;4664;2018;36
1153;4665;2016;57
1154;4665;2017;56
1155;4665;2018;56
1156;4669;2016;258
1157;4669;2017;242
1158;4669;2018;274
1159;4671;2016;230
1160;4671;2017;227
1161;4671;2018;288
1162;4672;2016;360
1163;4672;2017;379
1164;4672;2018;370
1165;4673;2016;109
1166;4673;2017;121
1167;4673;2018;116
1168;4674;2016;77
1169;4674;2017;62
1170;4674;2018;64
1171;4679;2016;640
1172;4679;2017;575
1173;4679;2018;562
1174;4681;2016;254
1175;4681;2017;257
1176;4681;2018;274
1177;4682;2016;613
1178;4682;2017;758
1179;4682;2018;773
1180;4683;2016;328
1181;4683;2017;274
1182;4683;2018;307
1183;4684;2016;164
1184;4684;2017;154
1185;4684;2018;149
1186;4685;2016;334
1187;4685;2017;284
1188;4685;2018;373
1189;4686;2016;240
1190;4686;2017;267
1191;4686;2018;301
1192;4687;2016;767
1193;4687;2017;861
1194;4687;2018;860
1195;4689;2016;471
1196;4689;2017;422
1197;4689;2018;424
1198;4691;2016;809
1199;4691;2017;1046
1200;4691;2018;1289
1201;4692;2016;96
1202;4692;2017;102
1203;4692;2018;104
1204;4693;2016;760
1205;4693;2017;628
1206;4693;2018;634
1207;4711;2016;18886
1208;4711;2017;18620
1209;4711;2018;20614
1210;4712;2016;1478
1211;4712;2017;1551
1212;4712;2018;1585
1213;4713;2016;966
1214;4713;2017;999
1215;4713;2018;1033
1216;4721;2016;1229
1217;4721;2017;1317
1218;4721;2018;1304
1219;4722;2016;921
1220;4722;2017;953
1221;4722;2018;1095
1222;4723;2016;335
1223;4723;2017;322
1224;4723;2018;365
1225;4724;2016;416
1226;4724;2017;434
1227;4724;2018;441
1228;4729;2016;856
1229;4729;2017;832
1230;4729;2018;962
1231;4731;2016;1923
1232;4731;2017;1884
1233;4731;2018;1990
1234;4732;2016;53
1235;4732;2017;38
1236;4732;2018;55
1237;4741;2016;218
1238;4741;2017;242
1239;4741;2018;226
1240;4742;2016;372
1241;4742;2017;343
1242;4742;2018;348
1243;4743;2016;471
1244;4743;2017;443
1245;4743;2018;435
1246;4744;2016;4980
1247;4744;2017;4846
1248;4744;2018;4811
1249;4751;2016;600
1250;4751;2017;503
1251;4751;2018;486
1252;4752;2016;304
1253;4752;2017;293
1254;4752;2018;280
1255;4753;2016;1327
1256;4753;2017;1180
1257;4753;2018;1421
1258;4754;2016;1113
1259;4754;2017;956
1260;4754;2018;939
1261;4755;2016;286
1262;4755;2017;253
1263;4755;2018;291
1264;4756;2016;12
1265;4756;2017;15
1266;4756;2018;10
1267;4757;2016;187
1268;4757;2017;190
1269;4757;2018;181
1270;4759;2016;461
1271;4759;2017;455
1272;4759;2018;510
1273;4761;2016;397
1274;4761;2017;393
1275;4761;2018;363
1276;4762;2016;7
1277;4762;2017;8
1278;4762;2018;10
1279;4763;2016;339
1280;4763;2017;317
1281;4763;2018;335
1282;4771;2016;2262
1283;4771;2017;2265
1284;4771;2018;2554
1285;4772;2016;370
1286;4772;2017;366
1287;4772;2018;398
1288;4773;2016;74
1289;4773;2017;84
1290;4773;2018;82
1291;4774;2016;143
1292;4774;2017;159
1293;4774;2018;161
1294;4781;2016;2228
1295;4781;2017;2103
1296;4781;2018;2184
1297;4782;2016;820
1298;4782;2017;739
1299;4782;2018;792
1300;4783;2016;72
1301;4783;2017;82
1302;4783;2018;76
1303;4784;2016;565
1304;4784;2017;574
1305;4784;2018;552
1306;4785;2016;44
1307;4785;2017;34
1308;4785;2018;41
1309;4789;2016;2275
1310;4789;2017;2090
1311;4789;2018;2209
1312;4911;2016;450
1313;4911;2017;399
1314;4911;2018;416
1315;4912;2016;1351
1316;4912;2017;1272
1317;4912;2018;1371
1318;4921;2016;4685
1319;4921;2017;4266
1320;4921;2018;4113
1321;4922;2016;862
1322;4922;2017;735
1323;4922;2018;714
1324;4923;2016;82
1325;4923;2017;100
1326;4923;2018;70
1327;4924;2016;47
1328;4924;2017;67
1329;4924;2018;62
1330;4929;2016;429
1331;4929;2017;397
1332;4929;2018;381
1333;4930;2016;11390
1334;4930;2017;11086
1335;4930;2018;11622
1336;4940;2016;141
1337;4940;2017;124
1338;4940;2018;115
1339;4950;2016;5
1340;4950;2017;4
1341;4950;2018;2
1342;5011;2016;63
1343;5011;2017;41
1344;5011;2018;49
1345;5012;2016;33
1346;5012;2017;11
1347;5012;2018;5
1348;5021;2016;206
1349;5021;2017;247
1350;5021;2018;212
1351;5022;2016;34
1352;5022;2017;26
1353;5022;2018;31
1354;5030;2016;336
1355;5030;2017;249
1356;5030;2018;210
1357;5091;2016;20
1358;5091;2017;31
1359;5091;2018;35
1360;5099;2016;9
1361;5099;2017;17
1362;5099;2018;16
1363;5111;2016;663
1364;5111;2017;704
1365;5111;2018;723
1366;5112;2016;46
1367;5112;2017;51
1368;5112;2018;53
1369;5120;2016;29
1370;5120;2017;34
1371;5120;2018;40
1372;5211;2016;1486
1373;5211;2017;1432
1374;5211;2018;1503
1375;5212;2016;477
1376;5212;2017;498
1377;5212;2018;557
1378;5221;2016;596
1379;5221;2017;606
1380;5221;2018;586
1381;5222;2016;152
1382;5222;2017;127
1383;5222;2018;129
1384;5223;2016;583
1385;5223;2017;521
1386;5223;2018;551
1387;5229;2016;455
1388;5229;2017;399
1389;5229;2018;391
1390;5231;2016;863
1391;5231;2017;857
1392;5231;2018;940
1393;5232;2016;98
1394;5232;2017;92
1395;5232;2018;83
1396;5239;2016;54
1397;5239;2017;50
1398;5239;2018;50
1399;5240;2016;738
1400;5240;2017;661
1401;5240;2018;578
1402;5250;2016;481
1403;5250;2017;562
1404;5250;2018;588
1405;5310;2016;13575
1406;5310;2017;11945
1407;5310;2018;9950
1408;5320;2016;831
1409;5320;2017;843
1410;5320;2018;814
1411;5510;2016;2683
1412;5510;2017;2439
1413;5510;2018;2519
1414;5590;2016;82
1415;5590;2017;84
1416;5590;2018;91
1417;5611;2016;9136
1418;5611;2017;9399
1419;5611;2018;9997
1420;5612;2016;34
1421;5612;2017;34
1422;5612;2018;35
1423;5620;2016;3940
1424;5620;2017;3843
1425;5620;2018;4111
1426;5811;2016;70
1427;5811;2017;69
1428;5811;2018;69
1429;5812;2016;54
1430;5812;2017;36
1431;5812;2018;44
1432;5813;2016;7
1433;5813;2017;11
1434;5813;2018;8
1435;5819;2016;14
1436;5819;2017;7
1437;5819;2018;9
1438;5821;2016;96
1439;5821;2017;104
1440;5821;2018;106
1441;5822;2016;212
1442;5822;2017;183
1443;5822;2018;155
1444;5823;2016;18
1445;5823;2017;18
1446;5823;2018;15
1447;5829;2016;157
1448;5829;2017;135
1449;5829;2018;127
1450;5911;2016;35
1451;5911;2017;23
1452;5911;2018;26
1453;5912;2016;3
1454;5912;2017;6
1455;5912;2018;4
1456;5913;2016;2
1457;5913;2017;5
1458;5913;2018;1
1459;5914;2016;113
1460;5914;2017;138
1461;5914;2018;123
1462;5920;2016;3
1463;5920;2017;4
1464;5920;2018;5
1465;6010;2016;63
1466;6010;2017;53
1467;6010;2018;64
1468;6021;2016;537
1469;6021;2017;523
1470;6021;2018;554
1471;6022;2016;14
1472;6022;2017;14
1473;6022;2018;19
1474;6110;2016;644
1475;6110;2017;789
1476;6110;2018;977
1477;6120;2016;569
1478;6120;2017;469
1479;6120;2018;491
1480;6130;2016;7
1481;6130;2017;6
1482;6130;2018;6
1483;6141;2016;64
1484;6141;2017;49
1485;6141;2018;68
1486;6142;2017;1
1487;6143;2016;17
1488;6143;2017;2
1489;6190;2016;597
1490;6190;2017;629
1491;6190;2018;740
1492;6201;2016;338
1493;6201;2017;360
1494;6201;2018;349
1495;6202;2016;102
1496;6202;2017;130
1497;6202;2018;137
1498;6203;2016;143
1499;6203;2017;128
1500;6203;2018;156
1501;6204;2016;310
1502;6204;2017;244
1503;6204;2018;266
1504;6209;2016;369
1505;6209;2017;350
1506;6209;2018;442
1507;6311;2016;284
1508;6311;2017;281
1509;6311;2018;363
1510;6319;2016;55
1511;6319;2017;48
1512;6319;2018;74
1513;6391;2016;6
1514;6391;2017;7
1515;6391;2018;1
1516;6399;2016;34
1517;6399;2017;13
1518;6399;2018;22
1519;6410;2016;7
1520;6410;2017;8
1521;6410;2018;5
1522;6421;2016;536
1523;6421;2017;511
1524;6421;2018;388
1525;6422;2016;4621
1526;6422;2017;3380
1527;6422;2018;3390
1528;6423;2016;440
1529;6423;2017;493
1530;6423;2018;338
1531;6424;2016;136
1532;6424;2017;145
1533;6424;2018;191
1534;6431;2016;26
1535;6431;2017;21
1536;6431;2018;18
1537;6432;2016;3
1538;6432;2017;3
1539;6432;2018;6
1540;6433;2016;54
1541;6433;2017;42
1542;6433;2018;35
1543;6434;2016;8
1544;6434;2017;7
1545;6434;2018;7
1546;6435;2016;4
1547;6435;2017;3
1548;6435;2018;1
1549;6436;2016;32
1550;6436;2017;22
1551;6436;2018;25
1552;6437;2016;4
1553;6437;2017;1
1554;6437;2018;2
1555;6438;2018;2
1556;6440;2016;1
1557;6450;2016;9
1558;6450;2017;6
1559;6450;2018;6
1560;6461;2016;1
1561;6461;2017;2
1562;6461;2018;8
1563;6462;2016;229
1564;6462;2017;231
1565;6462;2018;257
1566;6463;2016;68
1567;6463;2017;40
1568;6463;2018;58
1569;6470;2016;15
1570;6470;2017;5
1571;6470;2018;8
1572;6491;2016;14
1573;6491;2017;10
1574;6491;2018;11
1575;6492;2016;1
1576;6492;2017;8
1577;6493;2016;66
1578;6493;2017;50
1579;6493;2018;33
1580;6499;2016;24
1581;6499;2017;19
1582;6499;2018;39
1583;6511;2016;77
1584;6511;2017;94
1585;6511;2018;98
1586;6512;2016;166
1587;6512;2017;143
1588;6512;2018;162
1589;6520;2016;14
1590;6520;2017;15
1591;6520;2018;23
1592;6530;2016;2
1593;6530;2017;3
1594;6541;2016;73
1595;6541;2017;52
1596;6541;2018;57
1597;6542;2016;15
1598;6542;2017;9
1599;6542;2018;12
1600;6550;2016;1368
1601;6550;2017;1423
1602;6550;2018;1527
1603;6611;2016;5
1604;6611;2017;4
1605;6611;2018;6
1606;6612;2016;34
1607;6612;2017;25
1608;6612;2018;32
1609;6613;2016;21
1610;6613;2017;33
1611;6613;2018;31
1612;6619;2016;92
1613;6619;2017;59
1614;6619;2018;75
1615;6621;2016;9
1616;6621;2017;14
1617;6621;2018;7
1618;6622;2016;132
1619;6622;2017;122
1620;6622;2018;129
1621;6629;2016;14
1622;6629;2017;13
1623;6629;2018;16
1624;6630;2016;22
1625;6630;2017;23
1626;6630;2018;7
1627;6810;2016;584
1628;6810;2017;545
1629;6810;2018;568
1630;6821;2016;229
1631;6821;2017;190
1632;6821;2018;171
1633;6822;2016;383
1634;6822;2017;342
1635;6822;2018;407
1636;6911;2016;226
1637;6911;2017;180
1638;6911;2018;212
1639;6912;2016;94
1640;6912;2017;86
1641;6912;2018;107
1642;6920;2016;1130
1643;6920;2017;1090
1644;6920;2018;1089
1645;7010;2016;5
1646;7010;2017;4
1647;7010;2018;3
1648;7020;2016;536
1649;7020;2017;509
1650;7020;2018;577
1651;7111;2016;47
1652;7111;2017;45
1653;7111;2018;44
1654;7112;2016;2031
1655;7112;2017;1932
1656;7112;2018;2183
1657;7119;2016;213
1658;7119;2017;198
1659;7119;2018;255
1660;7120;2016;243
1661;7120;2017;257
1662;7120;2018;274
1663;7210;2016;525
1664;7210;2017;480
1665;7210;2018;563
1666;7220;2016;15
1667;7220;2017;13
1668;7220;2018;17
1669;7311;2016;68
1670;7311;2017;55
1671;7311;2018;58
1672;7312;2016;55
1673;7312;2017;58
1674;7312;2018;89
1675;7319;2016;315
1676;7319;2017;299
1677;7319;2018;441
1678;7320;2016;37
1679;7320;2017;41
1680;7320;2018;33
1681;7410;2016;26
1682;7410;2017;31
1683;7410;2018;15
1684;7420;2016;69
1685;7420;2017;77
1686;7420;2018;76
1687;7490;2016;480
1688;7490;2017;424
1689;7490;2018;448
1690;7500;2016;52
1691;7500;2017;80
1692;7500;2018;85
1693;7711;2016;356
1694;7711;2017;321
1695;7711;2018;365
1696;7719;2016;43
1697;7719;2017;60
1698;7719;2018;54
1699;7721;2016;11
1700;7721;2017;15
1701;7721;2018;13
1702;7722;2016;16
1703;7722;2017;17
1704;7722;2018;18
1705;7723;2016;47
1706;7723;2017;62
1707;7723;2018;103
1708;7729;2016;71
1709;7729;2017;54
1710;7729;2018;90
1711;7731;2016;34
1712;7731;2017;53
1713;7731;2018;43
1714;7732;2016;707
1715;7732;2017;532
1716;7732;2018;622
1717;7733;2016;89
1718;7733;2017;64
1719;7733;2018;75
1720;7739;2016;599
1721;7739;2017;596
1722;7739;2018;654
1723;7740;2016;36
1724;7740;2017;31
1725;7740;2018;42
1726;7810;2016;456
1727;7810;2017;358
1728;7810;2018;348
1729;7820;2016;1538
1730;7820;2017;1343
1731;7820;2018;1744
1732;7830;2016;738
1733;7830;2017;645
1734;7830;2018;770
1735;7911;2016;174
1736;7911;2017;140
1737;7911;2018;154
1738;7912;2016;4
1739;7912;2017;5
1740;7912;2018;11
1741;7990;2016;17
1742;7990;2017;14
1743;7990;2018;11
1744;8011;2016;2698
1745;8011;2017;2514
1746;8011;2018;2647
1747;8012;2016;1458
1748;8012;2017;1279
1749;8012;2018;1183
1750;8020;2016;563
1751;8020;2017;546
1752;8020;2018;580
1753;8030;2016;2
1754;8030;2017;5
1755;8111;2016;1033
1756;8111;2017;1005
1757;8111;2018;1093
1758;8112;2016;3561
1759;8112;2017;3397
1760;8112;2018;3528
1761;8121;2016;3750
1762;8121;2017;3074
1763;8121;2018;3108
1764;8122;2016;211
1765;8122;2017;212
1766;8122;2018;223
1767;8129;2016;1265
1768;8129;2017;1196
1769;8129;2018;1360
1770;8130;2016;274
1771;8130;2017;304
1772;8130;2018;271
1773;8211;2016;1360
1774;8211;2017;1455
1775;8211;2018;1971
1776;8219;2016;420
1777;8219;2017;383
1778;8219;2018;455
1779;8220;2016;2680
1780;8220;2017;2676
1781;8220;2018;2749
1782;8230;2016;243
1783;8230;2017;232
1784;8230;2018;261
1785;8291;2016;296
1786;8291;2017;289
1787;8291;2018;324
1788;8292;2016;147
1789;8292;2017;139
1790;8292;2018;159
1791;8299;2016;1987
1792;8299;2017;1984
1793;8299;2018;2133
1794;8411;2016;12749
1795;8411;2017;13212
1796;8411;2018;13545
1797;8412;2016;276
1798;8412;2017;277
1799;8412;2018;406
1800;8413;2016;95
1801;8413;2017;107
1802;8413;2018;87
1803;8421;2017;1
1804;8421;2018;1
1805;8422;2016;70
1806;8422;2017;72
1807;8422;2018;83
1808;8423;2016;57
1809;8423;2017;89
1810;8423;2018;135
1811;8424;2016;114
1812;8424;2017;163
1813;8424;2018;226
1814;8425;2017;1
1815;8425;2018;1
1816;8430;2016;38
1817;8430;2017;48
1818;8430;2018;52
1819;8511;2016;767
1820;8511;2017;786
1821;8511;2018;943
1822;8512;2016;601
1823;8512;2017;597
1824;8512;2018;659
1825;8513;2016;1367
1826;8513;2017;1352
1827;8513;2018;1571
1828;8520;2016;728
1829;8520;2017;693
1830;8520;2018;743
1831;8531;2016;1424
1832;8531;2017;1388
1833;8531;2018;1373
1834;8532;2016;1646
1835;8532;2017;1665
1836;8532;2018;1752
1837;8533;2016;157
1838;8533;2017;140
1839;8533;2018;182
1840;8541;2016;141
1841;8541;2017;130
1842;8541;2018;139
1843;8542;2016;43
1844;8542;2017;28
1845;8542;2018;47
1846;8550;2016;282
1847;8550;2017;340
1848;8550;2018;444
1849;8591;2016;25
1850;8591;2017;27
1851;8591;2018;31
1852;8592;2016;29
1853;8592;2017;27
1854;8592;2018;32
1855;8593;2016;117
1856;8593;2017;112
1857;8593;2018;122
1858;8599;2016;1822
1859;8599;2017;1727
1860;8599;2018;1850
1861;8610;2016;52902
1862;8610;2017;50854
1863;8610;2018;52877
1864;8621;2016;213
1865;8621;2017;222
1866;8621;2018;176
1867;8622;2016;25
1868;8622;2017;15
1869;8622;2018;22
1870;8630;2016;4139
1871;8630;2017;4210
1872;8630;2018;4709
1873;8640;2016;4223
1874;8640;2017;4071
1875;8640;2018;4614
1876;8650;2016;461
1877;8650;2017;404
1878;8650;2018;508
1879;8660;2016;1997
1880;8660;2017;2196
1881;8660;2018;2520
1882;8690;2016;2297
1883;8690;2017;2233
1884;8690;2018;2578
1885;8711;2016;462
1886;8711;2017;517
1887;8711;2018;544
1888;8712;2016;138
1889;8712;2017;167
1890;8712;2018;202
1891;8720;2016;305
1892;8720;2017;394
1893;8720;2018;341
1894;8730;2016;430
1895;8730;2017;384
1896;8730;2018;341
1897;8800;2016;1813
1898;8800;2017;1653
1899;8800;2018;1886
1900;9001;2016;85
1901;9001;2017;92
1902;9001;2018;77
1903;9002;2016;1
1904;9002;2017;2
1905;9002;2018;1
1906;9003;2016;15
1907;9003;2017;11
1908;9003;2018;14
1909;9101;2016;22
1910;9101;2017;13
1911;9101;2018;20
1912;9102;2016;9
1913;9102;2017;7
1914;9102;2018;14
1915;9103;2016;49
1916;9103;2017;76
1917;9103;2018;61
1918;9200;2016;9
1919;9200;2017;19
1920;9200;2018;10
1921;9311;2016;23
1922;9311;2017;17
1923;9311;2018;16
1924;9312;2016;807
1925;9312;2017;791
1926;9312;2018;738
1927;9313;2016;242
1928;9313;2017;237
1929;9313;2018;226
1930;9319;2016;118
1931;9319;2017;88
1932;9319;2018;76
1933;9321;2016;175
1934;9321;2017;162
1935;9321;2018;195
1936;9329;2016;195
1937;9329;2017;206
1938;9329;2018;192
1939;9411;2016;307
1940;9411;2017;268
1941;9411;2018;317
1942;9412;2016;290
1943;9412;2017;283
1944;9412;2018;298
1945;9420;2016;387
1946;9420;2017;337
1947;9420;2018;284
1948;9430;2016;2978
1949;9430;2017;3016
1950;9430;2018;2869
1951;9491;2016;654
1952;9491;2017;638
1953;9491;2018;691
1954;9492;2016;3
1955;9492;2017;2
1956;9492;2018;4
1957;9493;2016;52
1958;9493;2017;49
1959;9493;2018;53
1960;9499;2016;1095
1961;9499;2017;1115
1962;9499;2018;1239
1963;9511;2016;183
1964;9511;2017;157
1965;9511;2018;210
1966;9512;2016;120
1967;9512;2017;91
1968;9512;2018;102
1969;9521;2016;168
1970;9521;2017;142
1971;9521;2018;135
1972;9529;2016;142
1973;9529;2017;134
1974;9529;2018;104
1975;9601;2016;528
1976;9601;2017;510
1977;9601;2018;562
1978;9602;2016;219
1979;9602;2017;200
1980;9602;2018;210
1981;9603;2016;314
1982;9603;2017;319
1983;9603;2018;352
1984;9609;2016;131
1985;9609;2017;108
1986;9609;2018;147
1987;9700;2016;72
1988;9700;2017;35
1989;9700;2018;30
1990;9900;2016;21
1991;9900;2017;23
1992;9900;2018;23
